"Assembly","Assembly_name","Organism","Assembly_type","Assembly_status","Submission_date","FTP_GenBank","Protein_URL"
"GCA_982436715.1","apul_EXF-150","Aureobasidium pullulans","haploid","Chromosome","2026/05/19 00:00","ftp://ftp.ncbi.nlm.nih.gov/genomes/all/GCA/982/436/715/GCA_982436715.1_apul_EXF-150","https://ftp.ncbi.nlm.nih.gov/genomes/all/GCA/982/436/715/GCA_982436715.1_apul_EXF-150/GCA_982436715.1_apul_EXF-150_protein.faa.gz"
"GCA_982436665.1","apul_EXF-3645","Aureobasidium pullulans","haploid","Contig","2026/06/15 00:00","ftp://ftp.ncbi.nlm.nih.gov/genomes/all/GCA/982/436/665/GCA_982436665.1_apul_EXF-3645","https://ftp.ncbi.nlm.nih.gov/genomes/all/GCA/982/436/665/GCA_982436665.1_apul_EXF-3645/GCA_982436665.1_apul_EXF-3645_protein.faa.gz"
"GCA_054790355.1","ASM5479035v1","Aureobasidium pullulans","haploid","Scaffold","2026/01/27 00:00","ftp://ftp.ncbi.nlm.nih.gov/genomes/all/GCA/054/790/355/GCA_054790355.1_ASM5479035v1","https://ftp.ncbi.nlm.nih.gov/genomes/all/GCA/054/790/355/GCA_054790355.1_ASM5479035v1/GCA_054790355.1_ASM5479035v1_protein.faa.gz"
"GCA_052057045.1","ASM5205704v1","Aureobasidium pullulans","haploid","Contig","2025/08/15 00:00","ftp://ftp.ncbi.nlm.nih.gov/genomes/all/GCA/052/057/045/GCA_052057045.1_ASM5205704v1","https://ftp.ncbi.nlm.nih.gov/genomes/all/GCA/052/057/045/GCA_052057045.1_ASM5205704v1/GCA_052057045.1_ASM5205704v1_protein.faa.gz"
"GCA_052057015.1","ASM5205701v1","Aureobasidium pullulans","haploid","Contig","2025/08/15 00:00","ftp://ftp.ncbi.nlm.nih.gov/genomes/all/GCA/052/057/015/GCA_052057015.1_ASM5205701v1","https://ftp.ncbi.nlm.nih.gov/genomes/all/GCA/052/057/015/GCA_052057015.1_ASM5205701v1/GCA_052057015.1_ASM5205701v1_protein.faa.gz"
"GCA_052056975.1","ASM5205697v1","Aureobasidium pullulans","haploid","Contig","2025/08/15 00:00","ftp://ftp.ncbi.nlm.nih.gov/genomes/all/GCA/052/056/975/GCA_052056975.1_ASM5205697v1","https://ftp.ncbi.nlm.nih.gov/genomes/all/GCA/052/056/975/GCA_052056975.1_ASM5205697v1/GCA_052056975.1_ASM5205697v1_protein.faa.gz"
"GCA_051942775.1","ASM5194277v1","Aureobasidium pullulans","haploid","Contig","2025/08/12 00:00","ftp://ftp.ncbi.nlm.nih.gov/genomes/all/GCA/051/942/775/GCA_051942775.1_ASM5194277v1","https://ftp.ncbi.nlm.nih.gov/genomes/all/GCA/051/942/775/GCA_051942775.1_ASM5194277v1/GCA_051942775.1_ASM5194277v1_protein.faa.gz"
"GCA_051912055.1","ASM5191205v1","Aureobasidium pullulans","haploid","Contig","2025/08/11 00:00","ftp://ftp.ncbi.nlm.nih.gov/genomes/all/GCA/051/912/055/GCA_051912055.1_ASM5191205v1","https://ftp.ncbi.nlm.nih.gov/genomes/all/GCA/051/912/055/GCA_051912055.1_ASM5191205v1/GCA_051912055.1_ASM5191205v1_protein.faa.gz"
"GCA_043161985.1","ASM4316198v1","Aureobasidium pullulans","haploid","Chromosome","2024/10/16 00:00","ftp://ftp.ncbi.nlm.nih.gov/genomes/all/GCA/043/161/985/GCA_043161985.1_ASM4316198v1","https://ftp.ncbi.nlm.nih.gov/genomes/all/GCA/043/161/985/GCA_043161985.1_ASM4316198v1/GCA_043161985.1_ASM4316198v1_protein.faa.gz"
"GCA_043230705.1","ASM4323070v1","Aureobasidium pullulans","haploid","Chromosome","2024/10/16 00:00","ftp://ftp.ncbi.nlm.nih.gov/genomes/all/GCA/043/230/705/GCA_043230705.1_ASM4323070v1","https://ftp.ncbi.nlm.nih.gov/genomes/all/GCA/043/230/705/GCA_043230705.1_ASM4323070v1/GCA_043230705.1_ASM4323070v1_protein.faa.gz"
"GCA_041956735.1","Aurpu1","Aureobasidium pullulans","haploid","Scaffold","2024/09/16 00:00","ftp://ftp.ncbi.nlm.nih.gov/genomes/all/GCA/041/956/735/GCA_041956735.1_Aurpu1","https://ftp.ncbi.nlm.nih.gov/genomes/all/GCA/041/956/735/GCA_041956735.1_Aurpu1/GCA_041956735.1_Aurpu1_protein.faa.gz"
"GCA_040364705.1","JCM_22445_assembly_v001","Aureobasidium pullulans","haploid","Scaffold","2024/04/04 00:00","ftp://ftp.ncbi.nlm.nih.gov/genomes/all/GCA/040/364/705/GCA_040364705.1_JCM_22445_assembly_v001","https://ftp.ncbi.nlm.nih.gov/genomes/all/GCA/040/364/705/GCA_040364705.1_JCM_22445_assembly_v001/GCA_040364705.1_JCM_22445_assembly_v001_protein.faa.gz"
"GCA_037367325.1","ASM3736732v1","Aureobasidium pullulans","haploid","Scaffold","2024/03/19 00:00","ftp://ftp.ncbi.nlm.nih.gov/genomes/all/GCA/037/367/325/GCA_037367325.1_ASM3736732v1","https://ftp.ncbi.nlm.nih.gov/genomes/all/GCA/037/367/325/GCA_037367325.1_ASM3736732v1/GCA_037367325.1_ASM3736732v1_protein.faa.gz"
"GCA_037042995.1","ASM3704299v1","Aureobasidium pullulans","haploid","Contig","2024/03/06 00:00","ftp://ftp.ncbi.nlm.nih.gov/genomes/all/GCA/037/042/995/GCA_037042995.1_ASM3704299v1","https://ftp.ncbi.nlm.nih.gov/genomes/all/GCA/037/042/995/GCA_037042995.1_ASM3704299v1/GCA_037042995.1_ASM3704299v1_protein.faa.gz"
"GCA_036850625.1","ASM3685062v1","Aureobasidium pullulans","haploid","Scaffold","2024/02/22 00:00","ftp://ftp.ncbi.nlm.nih.gov/genomes/all/GCA/036/850/625/GCA_036850625.1_ASM3685062v1","https://ftp.ncbi.nlm.nih.gov/genomes/all/GCA/036/850/625/GCA_036850625.1_ASM3685062v1/GCA_036850625.1_ASM3685062v1_protein.faa.gz"
"GCA_036418965.1","ASM3641896v1","Aureobasidium pullulans","haploid","Scaffold","2024/02/06 00:00","ftp://ftp.ncbi.nlm.nih.gov/genomes/all/GCA/036/418/965/GCA_036418965.1_ASM3641896v1","https://ftp.ncbi.nlm.nih.gov/genomes/all/GCA/036/418/965/GCA_036418965.1_ASM3641896v1/GCA_036418965.1_ASM3641896v1_protein.faa.gz"
"GCA_031010245.1","EIMB_APul_16_1.0","Aureobasidium pullulans","haploid","Contig","2023/09/18 00:00","ftp://ftp.ncbi.nlm.nih.gov/genomes/all/GCA/031/010/245/GCA_031010245.1_EIMB_APul_16_1.0","https://ftp.ncbi.nlm.nih.gov/genomes/all/GCA/031/010/245/GCA_031010245.1_EIMB_APul_16_1.0/GCA_031010245.1_EIMB_APul_16_1.0_protein.faa.gz"
"GCA_937873235.1","SRR3017103_bin.1_CONCOCT_v1.1_MAG","Aureobasidium pullulans","haploid","Contig","2023/01/12 00:00","ftp://ftp.ncbi.nlm.nih.gov/genomes/all/GCA/937/873/235/GCA_937873235.1_SRR3017103_bin.1_CONCOCT_v1.1_MAG","https://ftp.ncbi.nlm.nih.gov/genomes/all/GCA/937/873/235/GCA_937873235.1_SRR3017103_bin.1_CONCOCT_v1.1_MAG/GCA_937873235.1_SRR3017103_bin.1_CONCOCT_v1.1_MAG_protein.faa.gz"
"GCA_024115135.1","ASM2411513v1","Aureobasidium pullulans","haploid","Contig","2022/07/01 00:00","ftp://ftp.ncbi.nlm.nih.gov/genomes/all/GCA/024/115/135/GCA_024115135.1_ASM2411513v1","https://ftp.ncbi.nlm.nih.gov/genomes/all/GCA/024/115/135/GCA_024115135.1_ASM2411513v1/GCA_024115135.1_ASM2411513v1_protein.faa.gz"
"GCA_023079325.1","ASM2307932v1","Aureobasidium pullulans","haploid","Scaffold","2022/04/21 00:00","ftp://ftp.ncbi.nlm.nih.gov/genomes/all/GCA/023/079/325/GCA_023079325.1_ASM2307932v1","https://ftp.ncbi.nlm.nih.gov/genomes/all/GCA/023/079/325/GCA_023079325.1_ASM2307932v1/GCA_023079325.1_ASM2307932v1_protein.faa.gz"
"GCA_023079225.1","ASM2307922v1","Aureobasidium pullulans","haploid","Scaffold","2022/04/21 00:00","ftp://ftp.ncbi.nlm.nih.gov/genomes/all/GCA/023/079/225/GCA_023079225.1_ASM2307922v1","https://ftp.ncbi.nlm.nih.gov/genomes/all/GCA/023/079/225/GCA_023079225.1_ASM2307922v1/GCA_023079225.1_ASM2307922v1_protein.faa.gz"
"GCA_903819485.1","AWRI4231","Aureobasidium pullulans","haploid","Contig","2021/09/20 00:00","ftp://ftp.ncbi.nlm.nih.gov/genomes/all/GCA/903/819/485/GCA_903819485.1_AWRI4231","https://ftp.ncbi.nlm.nih.gov/genomes/all/GCA/903/819/485/GCA_903819485.1_AWRI4231/GCA_903819485.1_AWRI4231_protein.faa.gz"
"GCA_903819495.1","AWRI4232","Aureobasidium pullulans","haploid","Contig","2021/09/21 00:00","ftp://ftp.ncbi.nlm.nih.gov/genomes/all/GCA/903/819/495/GCA_903819495.1_AWRI4232","https://ftp.ncbi.nlm.nih.gov/genomes/all/GCA/903/819/495/GCA_903819495.1_AWRI4232/GCA_903819495.1_AWRI4232_protein.faa.gz"
"GCA_903819465.1","AWRI4230","Aureobasidium pullulans","haploid","Contig","2021/09/21 00:00","ftp://ftp.ncbi.nlm.nih.gov/genomes/all/GCA/903/819/465/GCA_903819465.1_AWRI4230","https://ftp.ncbi.nlm.nih.gov/genomes/all/GCA/903/819/465/GCA_903819465.1_AWRI4230/GCA_903819465.1_AWRI4230_protein.faa.gz"
"GCA_903819455.1","AWRI4229","Aureobasidium pullulans","haploid","Contig","2021/09/20 00:00","ftp://ftp.ncbi.nlm.nih.gov/genomes/all/GCA/903/819/455/GCA_903819455.1_AWRI4229","https://ftp.ncbi.nlm.nih.gov/genomes/all/GCA/903/819/455/GCA_903819455.1_AWRI4229/GCA_903819455.1_AWRI4229_protein.faa.gz"
"GCA_903819115.1","AWRI4621","Aureobasidium pullulans","haploid","Contig","2021/09/20 00:00","ftp://ftp.ncbi.nlm.nih.gov/genomes/all/GCA/903/819/115/GCA_903819115.1_AWRI4621","https://ftp.ncbi.nlm.nih.gov/genomes/all/GCA/903/819/115/GCA_903819115.1_AWRI4621/GCA_903819115.1_AWRI4621_protein.faa.gz"
"GCA_018410155.1","ASM1841015v1","Aureobasidium pullulans","haploid","Scaffold","2021/05/19 00:00","ftp://ftp.ncbi.nlm.nih.gov/genomes/all/GCA/018/410/155/GCA_018410155.1_ASM1841015v1","https://ftp.ncbi.nlm.nih.gov/genomes/all/GCA/018/410/155/GCA_018410155.1_ASM1841015v1/GCA_018410155.1_ASM1841015v1_protein.faa.gz"
"GCA_018410165.1","ASM1841016v1","Aureobasidium pullulans","haploid","Scaffold","2021/05/19 00:00","ftp://ftp.ncbi.nlm.nih.gov/genomes/all/GCA/018/410/165/GCA_018410165.1_ASM1841016v1","https://ftp.ncbi.nlm.nih.gov/genomes/all/GCA/018/410/165/GCA_018410165.1_ASM1841016v1/GCA_018410165.1_ASM1841016v1_protein.faa.gz"
"GCA_018408835.1","ASM1840883v1","Aureobasidium pullulans","haploid","Scaffold","2021/05/19 00:00","ftp://ftp.ncbi.nlm.nih.gov/genomes/all/GCA/018/408/835/GCA_018408835.1_ASM1840883v1","https://ftp.ncbi.nlm.nih.gov/genomes/all/GCA/018/408/835/GCA_018408835.1_ASM1840883v1/GCA_018408835.1_ASM1840883v1_protein.faa.gz"
"GCA_018408735.1","ASM1840873v1","Aureobasidium pullulans","haploid","Scaffold","2021/05/19 00:00","ftp://ftp.ncbi.nlm.nih.gov/genomes/all/GCA/018/408/735/GCA_018408735.1_ASM1840873v1","https://ftp.ncbi.nlm.nih.gov/genomes/all/GCA/018/408/735/GCA_018408735.1_ASM1840873v1/GCA_018408735.1_ASM1840873v1_protein.faa.gz"
"GCA_018408725.1","ASM1840872v1","Aureobasidium pullulans","haploid","Scaffold","2021/05/19 00:00","ftp://ftp.ncbi.nlm.nih.gov/genomes/all/GCA/018/408/725/GCA_018408725.1_ASM1840872v1","https://ftp.ncbi.nlm.nih.gov/genomes/all/GCA/018/408/725/GCA_018408725.1_ASM1840872v1/GCA_018408725.1_ASM1840872v1_protein.faa.gz"
"GCA_018408745.1","ASM1840874v1","Aureobasidium pullulans","haploid","Scaffold","2021/05/19 00:00","ftp://ftp.ncbi.nlm.nih.gov/genomes/all/GCA/018/408/745/GCA_018408745.1_ASM1840874v1","https://ftp.ncbi.nlm.nih.gov/genomes/all/GCA/018/408/745/GCA_018408745.1_ASM1840874v1/GCA_018408745.1_ASM1840874v1_protein.faa.gz"
"GCA_018408595.1","ASM1840859v1","Aureobasidium pullulans","haploid","Scaffold","2021/05/19 00:00","ftp://ftp.ncbi.nlm.nih.gov/genomes/all/GCA/018/408/595/GCA_018408595.1_ASM1840859v1","https://ftp.ncbi.nlm.nih.gov/genomes/all/GCA/018/408/595/GCA_018408595.1_ASM1840859v1/GCA_018408595.1_ASM1840859v1_protein.faa.gz"
"GCA_018408545.1","ASM1840854v1","Aureobasidium pullulans","haploid","Scaffold","2021/05/19 00:00","ftp://ftp.ncbi.nlm.nih.gov/genomes/all/GCA/018/408/545/GCA_018408545.1_ASM1840854v1","https://ftp.ncbi.nlm.nih.gov/genomes/all/GCA/018/408/545/GCA_018408545.1_ASM1840854v1/GCA_018408545.1_ASM1840854v1_protein.faa.gz"
"GCA_018408515.1","ASM1840851v1","Aureobasidium pullulans","haploid","Scaffold","2021/05/19 00:00","ftp://ftp.ncbi.nlm.nih.gov/genomes/all/GCA/018/408/515/GCA_018408515.1_ASM1840851v1","https://ftp.ncbi.nlm.nih.gov/genomes/all/GCA/018/408/515/GCA_018408515.1_ASM1840851v1/GCA_018408515.1_ASM1840851v1_protein.faa.gz"
"GCA_018408505.1","ASM1840850v1","Aureobasidium pullulans","haploid","Scaffold","2021/05/19 00:00","ftp://ftp.ncbi.nlm.nih.gov/genomes/all/GCA/018/408/505/GCA_018408505.1_ASM1840850v1","https://ftp.ncbi.nlm.nih.gov/genomes/all/GCA/018/408/505/GCA_018408505.1_ASM1840850v1/GCA_018408505.1_ASM1840850v1_protein.faa.gz"
"GCA_018408415.1","ASM1840841v1","Aureobasidium pullulans","haploid","Scaffold","2021/05/19 00:00","ftp://ftp.ncbi.nlm.nih.gov/genomes/all/GCA/018/408/415/GCA_018408415.1_ASM1840841v1","https://ftp.ncbi.nlm.nih.gov/genomes/all/GCA/018/408/415/GCA_018408415.1_ASM1840841v1/GCA_018408415.1_ASM1840841v1_protein.faa.gz"
"GCA_018408375.1","ASM1840837v1","Aureobasidium pullulans","haploid","Scaffold","2021/05/19 00:00","ftp://ftp.ncbi.nlm.nih.gov/genomes/all/GCA/018/408/375/GCA_018408375.1_ASM1840837v1","https://ftp.ncbi.nlm.nih.gov/genomes/all/GCA/018/408/375/GCA_018408375.1_ASM1840837v1/GCA_018408375.1_ASM1840837v1_protein.faa.gz"
"GCA_017165705.1","ASM1716570v1","Aureobasidium pullulans","haploid","Scaffold","2021/03/04 00:00","ftp://ftp.ncbi.nlm.nih.gov/genomes/all/GCA/017/165/705/GCA_017165705.1_ASM1716570v1","https://ftp.ncbi.nlm.nih.gov/genomes/all/GCA/017/165/705/GCA_017165705.1_ASM1716570v1/GCA_017165705.1_ASM1716570v1_protein.faa.gz"
"GCA_004918535.1","ASM491853v1","Aureobasidium pullulans","haploid","Contig","2019/04/26 00:00","ftp://ftp.ncbi.nlm.nih.gov/genomes/all/GCA/004/918/535/GCA_004918535.1_ASM491853v1","https://ftp.ncbi.nlm.nih.gov/genomes/all/GCA/004/918/535/GCA_004918535.1_ASM491853v1/GCA_004918535.1_ASM491853v1_protein.faa.gz"
"GCA_004917115.1","ASM491711v1","Aureobasidium pullulans","haploid","Contig","2019/04/26 00:00","ftp://ftp.ncbi.nlm.nih.gov/genomes/all/GCA/004/917/115/GCA_004917115.1_ASM491711v1","https://ftp.ncbi.nlm.nih.gov/genomes/all/GCA/004/917/115/GCA_004917115.1_ASM491711v1/GCA_004917115.1_ASM491711v1_protein.faa.gz"
"GCA_004918575.1","ASM491857v1","Aureobasidium pullulans","haploid","Contig","2019/04/26 00:00","ftp://ftp.ncbi.nlm.nih.gov/genomes/all/GCA/004/918/575/GCA_004918575.1_ASM491857v1","https://ftp.ncbi.nlm.nih.gov/genomes/all/GCA/004/918/575/GCA_004918575.1_ASM491857v1/GCA_004918575.1_ASM491857v1_protein.faa.gz"
"GCA_004918505.1","ASM491850v1","Aureobasidium pullulans","haploid","Contig","2019/04/26 00:00","ftp://ftp.ncbi.nlm.nih.gov/genomes/all/GCA/004/918/505/GCA_004918505.1_ASM491850v1","https://ftp.ncbi.nlm.nih.gov/genomes/all/GCA/004/918/505/GCA_004918505.1_ASM491850v1/GCA_004918505.1_ASM491850v1_protein.faa.gz"
"GCA_004918215.1","ASM491821v1","Aureobasidium pullulans","haploid","Contig","2019/04/26 00:00","ftp://ftp.ncbi.nlm.nih.gov/genomes/all/GCA/004/918/215/GCA_004918215.1_ASM491821v1","https://ftp.ncbi.nlm.nih.gov/genomes/all/GCA/004/918/215/GCA_004918215.1_ASM491821v1/GCA_004918215.1_ASM491821v1_protein.faa.gz"
"GCA_004917225.1","ASM491722v1","Aureobasidium pullulans","haploid","Contig","2019/04/26 00:00","ftp://ftp.ncbi.nlm.nih.gov/genomes/all/GCA/004/917/225/GCA_004917225.1_ASM491722v1","https://ftp.ncbi.nlm.nih.gov/genomes/all/GCA/004/917/225/GCA_004917225.1_ASM491722v1/GCA_004917225.1_ASM491722v1_protein.faa.gz"
"GCA_004918275.1","ASM491827v1","Aureobasidium pullulans","haploid","Contig","2019/04/26 00:00","ftp://ftp.ncbi.nlm.nih.gov/genomes/all/GCA/004/918/275/GCA_004918275.1_ASM491827v1","https://ftp.ncbi.nlm.nih.gov/genomes/all/GCA/004/918/275/GCA_004918275.1_ASM491827v1/GCA_004918275.1_ASM491827v1_protein.faa.gz"
"GCA_004918245.1","ASM491824v1","Aureobasidium pullulans","haploid","Contig","2019/04/26 00:00","ftp://ftp.ncbi.nlm.nih.gov/genomes/all/GCA/004/918/245/GCA_004918245.1_ASM491824v1","https://ftp.ncbi.nlm.nih.gov/genomes/all/GCA/004/918/245/GCA_004918245.1_ASM491824v1/GCA_004918245.1_ASM491824v1_protein.faa.gz"
"GCA_004918195.1","ASM491819v1","Aureobasidium pullulans","haploid","Contig","2019/04/26 00:00","ftp://ftp.ncbi.nlm.nih.gov/genomes/all/GCA/004/918/195/GCA_004918195.1_ASM491819v1","https://ftp.ncbi.nlm.nih.gov/genomes/all/GCA/004/918/195/GCA_004918195.1_ASM491819v1/GCA_004918195.1_ASM491819v1_protein.faa.gz"
"GCA_004918165.1","ASM491816v1","Aureobasidium pullulans","haploid","Contig","2019/04/26 00:00","ftp://ftp.ncbi.nlm.nih.gov/genomes/all/GCA/004/918/165/GCA_004918165.1_ASM491816v1","https://ftp.ncbi.nlm.nih.gov/genomes/all/GCA/004/918/165/GCA_004918165.1_ASM491816v1/GCA_004918165.1_ASM491816v1_protein.faa.gz"
"GCA_004918145.1","ASM491814v1","Aureobasidium pullulans","haploid","Contig","2019/04/26 00:00","ftp://ftp.ncbi.nlm.nih.gov/genomes/all/GCA/004/918/145/GCA_004918145.1_ASM491814v1","https://ftp.ncbi.nlm.nih.gov/genomes/all/GCA/004/918/145/GCA_004918145.1_ASM491814v1/GCA_004918145.1_ASM491814v1_protein.faa.gz"
"GCA_004918105.1","ASM491810v1","Aureobasidium pullulans","haploid","Contig","2019/04/26 00:00","ftp://ftp.ncbi.nlm.nih.gov/genomes/all/GCA/004/918/105/GCA_004918105.1_ASM491810v1","https://ftp.ncbi.nlm.nih.gov/genomes/all/GCA/004/918/105/GCA_004918105.1_ASM491810v1/GCA_004918105.1_ASM491810v1_protein.faa.gz"
"GCA_004918115.1","ASM491811v1","Aureobasidium pullulans","haploid","Contig","2019/04/26 00:00","ftp://ftp.ncbi.nlm.nih.gov/genomes/all/GCA/004/918/115/GCA_004918115.1_ASM491811v1","https://ftp.ncbi.nlm.nih.gov/genomes/all/GCA/004/918/115/GCA_004918115.1_ASM491811v1/GCA_004918115.1_ASM491811v1_protein.faa.gz"
"GCA_004917795.1","ASM491779v1","Aureobasidium pullulans","haploid","Contig","2019/04/26 00:00","ftp://ftp.ncbi.nlm.nih.gov/genomes/all/GCA/004/917/795/GCA_004917795.1_ASM491779v1","https://ftp.ncbi.nlm.nih.gov/genomes/all/GCA/004/917/795/GCA_004917795.1_ASM491779v1/GCA_004917795.1_ASM491779v1_protein.faa.gz"
"GCA_004917825.1","ASM491782v1","Aureobasidium pullulans","haploid","Contig","2019/04/26 00:00","ftp://ftp.ncbi.nlm.nih.gov/genomes/all/GCA/004/917/825/GCA_004917825.1_ASM491782v1","https://ftp.ncbi.nlm.nih.gov/genomes/all/GCA/004/917/825/GCA_004917825.1_ASM491782v1/GCA_004917825.1_ASM491782v1_protein.faa.gz"
"GCA_004917815.1","ASM491781v1","Aureobasidium pullulans","haploid","Contig","2019/04/26 00:00","ftp://ftp.ncbi.nlm.nih.gov/genomes/all/GCA/004/917/815/GCA_004917815.1_ASM491781v1","https://ftp.ncbi.nlm.nih.gov/genomes/all/GCA/004/917/815/GCA_004917815.1_ASM491781v1/GCA_004917815.1_ASM491781v1_protein.faa.gz"
"GCA_004917685.1","ASM491768v1","Aureobasidium pullulans","haploid","Contig","2019/04/26 00:00","ftp://ftp.ncbi.nlm.nih.gov/genomes/all/GCA/004/917/685/GCA_004917685.1_ASM491768v1","https://ftp.ncbi.nlm.nih.gov/genomes/all/GCA/004/917/685/GCA_004917685.1_ASM491768v1/GCA_004917685.1_ASM491768v1_protein.faa.gz"
"GCA_004917745.1","ASM491774v1","Aureobasidium pullulans","haploid","Contig","2019/04/26 00:00","ftp://ftp.ncbi.nlm.nih.gov/genomes/all/GCA/004/917/745/GCA_004917745.1_ASM491774v1","https://ftp.ncbi.nlm.nih.gov/genomes/all/GCA/004/917/745/GCA_004917745.1_ASM491774v1/GCA_004917745.1_ASM491774v1_protein.faa.gz"
"GCA_004917705.1","ASM491770v1","Aureobasidium pullulans","haploid","Contig","2019/04/26 00:00","ftp://ftp.ncbi.nlm.nih.gov/genomes/all/GCA/004/917/705/GCA_004917705.1_ASM491770v1","https://ftp.ncbi.nlm.nih.gov/genomes/all/GCA/004/917/705/GCA_004917705.1_ASM491770v1/GCA_004917705.1_ASM491770v1_protein.faa.gz"
"GCA_004917155.1","ASM491715v1","Aureobasidium pullulans","haploid","Contig","2019/04/26 00:00","ftp://ftp.ncbi.nlm.nih.gov/genomes/all/GCA/004/917/155/GCA_004917155.1_ASM491715v1","https://ftp.ncbi.nlm.nih.gov/genomes/all/GCA/004/917/155/GCA_004917155.1_ASM491715v1/GCA_004917155.1_ASM491715v1_protein.faa.gz"
"GCA_004917755.1","ASM491775v1","Aureobasidium pullulans","haploid","Contig","2019/04/26 00:00","ftp://ftp.ncbi.nlm.nih.gov/genomes/all/GCA/004/917/755/GCA_004917755.1_ASM491775v1","https://ftp.ncbi.nlm.nih.gov/genomes/all/GCA/004/917/755/GCA_004917755.1_ASM491775v1/GCA_004917755.1_ASM491775v1_protein.faa.gz"
"GCA_004917725.1","ASM491772v1","Aureobasidium pullulans","haploid","Contig","2019/04/26 00:00","ftp://ftp.ncbi.nlm.nih.gov/genomes/all/GCA/004/917/725/GCA_004917725.1_ASM491772v1","https://ftp.ncbi.nlm.nih.gov/genomes/all/GCA/004/917/725/GCA_004917725.1_ASM491772v1/GCA_004917725.1_ASM491772v1_protein.faa.gz"
"GCA_004917595.1","ASM491759v1","Aureobasidium pullulans","haploid","Contig","2019/04/26 00:00","ftp://ftp.ncbi.nlm.nih.gov/genomes/all/GCA/004/917/595/GCA_004917595.1_ASM491759v1","https://ftp.ncbi.nlm.nih.gov/genomes/all/GCA/004/917/595/GCA_004917595.1_ASM491759v1/GCA_004917595.1_ASM491759v1_protein.faa.gz"
"GCA_004917605.1","ASM491760v1","Aureobasidium pullulans","haploid","Contig","2019/04/26 00:00","ftp://ftp.ncbi.nlm.nih.gov/genomes/all/GCA/004/917/605/GCA_004917605.1_ASM491760v1","https://ftp.ncbi.nlm.nih.gov/genomes/all/GCA/004/917/605/GCA_004917605.1_ASM491760v1/GCA_004917605.1_ASM491760v1_protein.faa.gz"
"GCA_004917665.1","ASM491766v1","Aureobasidium pullulans","haploid","Contig","2019/04/26 00:00","ftp://ftp.ncbi.nlm.nih.gov/genomes/all/GCA/004/917/665/GCA_004917665.1_ASM491766v1","https://ftp.ncbi.nlm.nih.gov/genomes/all/GCA/004/917/665/GCA_004917665.1_ASM491766v1/GCA_004917665.1_ASM491766v1_protein.faa.gz"
"GCA_004917145.1","ASM491714v1","Aureobasidium pullulans","haploid","Contig","2019/04/26 00:00","ftp://ftp.ncbi.nlm.nih.gov/genomes/all/GCA/004/917/145/GCA_004917145.1_ASM491714v1","https://ftp.ncbi.nlm.nih.gov/genomes/all/GCA/004/917/145/GCA_004917145.1_ASM491714v1/GCA_004917145.1_ASM491714v1_protein.faa.gz"
"GCA_004917625.1","ASM491762v1","Aureobasidium pullulans","haploid","Contig","2019/04/26 00:00","ftp://ftp.ncbi.nlm.nih.gov/genomes/all/GCA/004/917/625/GCA_004917625.1_ASM491762v1","https://ftp.ncbi.nlm.nih.gov/genomes/all/GCA/004/917/625/GCA_004917625.1_ASM491762v1/GCA_004917625.1_ASM491762v1_protein.faa.gz"
"GCA_004917505.1","ASM491750v1","Aureobasidium pullulans","haploid","Contig","2019/04/26 00:00","ftp://ftp.ncbi.nlm.nih.gov/genomes/all/GCA/004/917/505/GCA_004917505.1_ASM491750v1","https://ftp.ncbi.nlm.nih.gov/genomes/all/GCA/004/917/505/GCA_004917505.1_ASM491750v1/GCA_004917505.1_ASM491750v1_protein.faa.gz"
"GCA_004917615.1","ASM491761v1","Aureobasidium pullulans","haploid","Contig","2019/04/26 00:00","ftp://ftp.ncbi.nlm.nih.gov/genomes/all/GCA/004/917/615/GCA_004917615.1_ASM491761v1","https://ftp.ncbi.nlm.nih.gov/genomes/all/GCA/004/917/615/GCA_004917615.1_ASM491761v1/GCA_004917615.1_ASM491761v1_protein.faa.gz"
"GCA_004917525.1","ASM491752v1","Aureobasidium pullulans","haploid","Contig","2019/04/26 00:00","ftp://ftp.ncbi.nlm.nih.gov/genomes/all/GCA/004/917/525/GCA_004917525.1_ASM491752v1","https://ftp.ncbi.nlm.nih.gov/genomes/all/GCA/004/917/525/GCA_004917525.1_ASM491752v1/GCA_004917525.1_ASM491752v1_protein.faa.gz"
"GCA_004917415.1","ASM491741v1","Aureobasidium pullulans","haploid","Contig","2019/04/26 00:00","ftp://ftp.ncbi.nlm.nih.gov/genomes/all/GCA/004/917/415/GCA_004917415.1_ASM491741v1","https://ftp.ncbi.nlm.nih.gov/genomes/all/GCA/004/917/415/GCA_004917415.1_ASM491741v1/GCA_004917415.1_ASM491741v1_protein.faa.gz"
"GCA_004917555.1","ASM491755v1","Aureobasidium pullulans","haploid","Contig","2019/04/26 00:00","ftp://ftp.ncbi.nlm.nih.gov/genomes/all/GCA/004/917/555/GCA_004917555.1_ASM491755v1","https://ftp.ncbi.nlm.nih.gov/genomes/all/GCA/004/917/555/GCA_004917555.1_ASM491755v1/GCA_004917555.1_ASM491755v1_protein.faa.gz"
"GCA_004917485.1","ASM491748v1","Aureobasidium pullulans","haploid","Contig","2019/04/26 00:00","ftp://ftp.ncbi.nlm.nih.gov/genomes/all/GCA/004/917/485/GCA_004917485.1_ASM491748v1","https://ftp.ncbi.nlm.nih.gov/genomes/all/GCA/004/917/485/GCA_004917485.1_ASM491748v1/GCA_004917485.1_ASM491748v1_protein.faa.gz"
"GCA_004917495.1","ASM491749v1","Aureobasidium pullulans","haploid","Contig","2019/04/26 00:00","ftp://ftp.ncbi.nlm.nih.gov/genomes/all/GCA/004/917/495/GCA_004917495.1_ASM491749v1","https://ftp.ncbi.nlm.nih.gov/genomes/all/GCA/004/917/495/GCA_004917495.1_ASM491749v1/GCA_004917495.1_ASM491749v1_protein.faa.gz"
"GCA_004917105.1","ASM491710v1","Aureobasidium pullulans","haploid","Contig","2019/04/26 00:00","ftp://ftp.ncbi.nlm.nih.gov/genomes/all/GCA/004/917/105/GCA_004917105.1_ASM491710v1","https://ftp.ncbi.nlm.nih.gov/genomes/all/GCA/004/917/105/GCA_004917105.1_ASM491710v1/GCA_004917105.1_ASM491710v1_protein.faa.gz"
"GCA_004917435.1","ASM491743v1","Aureobasidium pullulans","haploid","Contig","2019/04/26 00:00","ftp://ftp.ncbi.nlm.nih.gov/genomes/all/GCA/004/917/435/GCA_004917435.1_ASM491743v1","https://ftp.ncbi.nlm.nih.gov/genomes/all/GCA/004/917/435/GCA_004917435.1_ASM491743v1/GCA_004917435.1_ASM491743v1_protein.faa.gz"
"GCA_004917445.1","ASM491744v1","Aureobasidium pullulans","haploid","Contig","2019/04/26 00:00","ftp://ftp.ncbi.nlm.nih.gov/genomes/all/GCA/004/917/445/GCA_004917445.1_ASM491744v1","https://ftp.ncbi.nlm.nih.gov/genomes/all/GCA/004/917/445/GCA_004917445.1_ASM491744v1/GCA_004917445.1_ASM491744v1_protein.faa.gz"
"GCA_004917425.1","ASM491742v1","Aureobasidium pullulans","haploid","Contig","2019/04/26 00:00","ftp://ftp.ncbi.nlm.nih.gov/genomes/all/GCA/004/917/425/GCA_004917425.1_ASM491742v1","https://ftp.ncbi.nlm.nih.gov/genomes/all/GCA/004/917/425/GCA_004917425.1_ASM491742v1/GCA_004917425.1_ASM491742v1_protein.faa.gz"
"GCA_004917385.1","ASM491738v1","Aureobasidium pullulans","haploid","Contig","2019/04/26 00:00","ftp://ftp.ncbi.nlm.nih.gov/genomes/all/GCA/004/917/385/GCA_004917385.1_ASM491738v1","https://ftp.ncbi.nlm.nih.gov/genomes/all/GCA/004/917/385/GCA_004917385.1_ASM491738v1/GCA_004917385.1_ASM491738v1_protein.faa.gz"
"GCA_004917375.1","ASM491737v1","Aureobasidium pullulans","haploid","Contig","2019/04/26 00:00","ftp://ftp.ncbi.nlm.nih.gov/genomes/all/GCA/004/917/375/GCA_004917375.1_ASM491737v1","https://ftp.ncbi.nlm.nih.gov/genomes/all/GCA/004/917/375/GCA_004917375.1_ASM491737v1/GCA_004917375.1_ASM491737v1_protein.faa.gz"
"GCA_004917355.1","ASM491735v1","Aureobasidium pullulans","haploid","Contig","2019/04/26 00:00","ftp://ftp.ncbi.nlm.nih.gov/genomes/all/GCA/004/917/355/GCA_004917355.1_ASM491735v1","https://ftp.ncbi.nlm.nih.gov/genomes/all/GCA/004/917/355/GCA_004917355.1_ASM491735v1/GCA_004917355.1_ASM491735v1_protein.faa.gz"
"GCA_004917335.1","ASM491733v1","Aureobasidium pullulans","haploid","Contig","2019/04/26 00:00","ftp://ftp.ncbi.nlm.nih.gov/genomes/all/GCA/004/917/335/GCA_004917335.1_ASM491733v1","https://ftp.ncbi.nlm.nih.gov/genomes/all/GCA/004/917/335/GCA_004917335.1_ASM491733v1/GCA_004917335.1_ASM491733v1_protein.faa.gz"
"GCA_004917305.1","ASM491730v1","Aureobasidium pullulans","haploid","Contig","2019/04/26 00:00","ftp://ftp.ncbi.nlm.nih.gov/genomes/all/GCA/004/917/305/GCA_004917305.1_ASM491730v1","https://ftp.ncbi.nlm.nih.gov/genomes/all/GCA/004/917/305/GCA_004917305.1_ASM491730v1/GCA_004917305.1_ASM491730v1_protein.faa.gz"
"GCA_004917135.1","ASM491713v1","Aureobasidium pullulans","haploid","Contig","2019/04/26 00:00","ftp://ftp.ncbi.nlm.nih.gov/genomes/all/GCA/004/917/135/GCA_004917135.1_ASM491713v1","https://ftp.ncbi.nlm.nih.gov/genomes/all/GCA/004/917/135/GCA_004917135.1_ASM491713v1/GCA_004917135.1_ASM491713v1_protein.faa.gz"
"GCA_004917275.1","ASM491727v1","Aureobasidium pullulans","haploid","Contig","2019/04/26 00:00","ftp://ftp.ncbi.nlm.nih.gov/genomes/all/GCA/004/917/275/GCA_004917275.1_ASM491727v1","https://ftp.ncbi.nlm.nih.gov/genomes/all/GCA/004/917/275/GCA_004917275.1_ASM491727v1/GCA_004917275.1_ASM491727v1_protein.faa.gz"
"GCA_004917255.1","ASM491725v1","Aureobasidium pullulans","haploid","Contig","2019/04/26 00:00","ftp://ftp.ncbi.nlm.nih.gov/genomes/all/GCA/004/917/255/GCA_004917255.1_ASM491725v1","https://ftp.ncbi.nlm.nih.gov/genomes/all/GCA/004/917/255/GCA_004917255.1_ASM491725v1/GCA_004917255.1_ASM491725v1_protein.faa.gz"
"GCA_004917205.1","ASM491720v1","Aureobasidium pullulans","haploid","Contig","2019/04/26 00:00","ftp://ftp.ncbi.nlm.nih.gov/genomes/all/GCA/004/917/205/GCA_004917205.1_ASM491720v1","https://ftp.ncbi.nlm.nih.gov/genomes/all/GCA/004/917/205/GCA_004917205.1_ASM491720v1/GCA_004917205.1_ASM491720v1_protein.faa.gz"
"GCA_004917185.1","ASM491718v1","Aureobasidium pullulans","haploid","Contig","2019/04/26 00:00","ftp://ftp.ncbi.nlm.nih.gov/genomes/all/GCA/004/917/185/GCA_004917185.1_ASM491718v1","https://ftp.ncbi.nlm.nih.gov/genomes/all/GCA/004/917/185/GCA_004917185.1_ASM491718v1/GCA_004917185.1_ASM491718v1_protein.faa.gz"
"GCA_004917165.1","ASM491716v1","Aureobasidium pullulans","haploid","Contig","2019/04/26 00:00","ftp://ftp.ncbi.nlm.nih.gov/genomes/all/GCA/004/917/165/GCA_004917165.1_ASM491716v1","https://ftp.ncbi.nlm.nih.gov/genomes/all/GCA/004/917/165/GCA_004917165.1_ASM491716v1/GCA_004917165.1_ASM491716v1_protein.faa.gz"
"GCA_003574545.1","ASM357454v1","Aureobasidium pullulans","haploid","Scaffold","2018/09/18 00:00","ftp://ftp.ncbi.nlm.nih.gov/genomes/all/GCA/003/574/545/GCA_003574545.1_ASM357454v1","https://ftp.ncbi.nlm.nih.gov/genomes/all/GCA/003/574/545/GCA_003574545.1_ASM357454v1/GCA_003574545.1_ASM357454v1_protein.faa.gz"
"GCA_003336255.1","ASM333625v1","Aureobasidium pullulans","haploid","Scaffold","2018/07/20 00:00","ftp://ftp.ncbi.nlm.nih.gov/genomes/all/GCA/003/336/255/GCA_003336255.1_ASM333625v1","https://ftp.ncbi.nlm.nih.gov/genomes/all/GCA/003/336/255/GCA_003336255.1_ASM333625v1/GCA_003336255.1_ASM333625v1_protein.faa.gz"
"GCA_001678115.1","ASM167811v1","Aureobasidium pullulans","haploid","Scaffold","2016/07/01 00:00","ftp://ftp.ncbi.nlm.nih.gov/genomes/all/GCA/001/678/115/GCA_001678115.1_ASM167811v1","https://ftp.ncbi.nlm.nih.gov/genomes/all/GCA/001/678/115/GCA_001678115.1_ASM167811v1/GCA_001678115.1_ASM167811v1_protein.faa.gz"
"GCA_000294735.1","ASM29473v1","Aureobasidium pullulans","haploid","Contig","2012/09/06 00:00","ftp://ftp.ncbi.nlm.nih.gov/genomes/all/GCA/000/294/735/GCA_000294735.1_ASM29473v1","https://ftp.ncbi.nlm.nih.gov/genomes/all/GCA/000/294/735/GCA_000294735.1_ASM29473v1/GCA_000294735.1_ASM29473v1_protein.faa.gz"
"GCF_000721785.1","Aureobasidium pullulans var. pullulans EXF-150, assembly version 1.0","Aureobasidium pullulans","haploid","Scaffold","2014/07/08 00:00","ftp://ftp.ncbi.nlm.nih.gov/genomes/all/GCA/000/721/785/GCA_000721785.1_Aureobasidium_pullulans_var._pullulans_EXF-150_assembly_version_1.0","https://ftp.ncbi.nlm.nih.gov/genomes/all/GCA/000/721/785/GCA_000721785.1_Aureobasidium_pullulans_var._pullulans_EXF-150_assembly_version_1.0/GCA_000721785.1_Aureobasidium_pullulans_var._pullulans_EXF-150_assembly_version_1.0_protein.faa.gz"
