Assembly,File,Status
GCA_982436715.1,GCA_982436715.1_apul_EXF-150_protein.faa.gz,downloaded
GCA_982436665.1,GCA_982436665.1_apul_EXF-3645_protein.faa.gz,downloaded
GCA_054790355.1,GCA_054790355.1_ASM5479035v1_genomic.gbff.gz,downloaded
GCA_052057045.1,GCA_052057045.1_ASM5205704v1_genomic.gbff.gz,downloaded
GCA_052057015.1,GCA_052057015.1_ASM5205701v1_genomic.gbff.gz,downloaded
GCA_052056975.1,GCA_052056975.1_ASM5205697v1_genomic.gbff.gz,downloaded
GCA_051942775.1,GCA_051942775.1_ASM5194277v1_genomic.gbff.gz,downloaded
GCA_051912055.1,GCA_051912055.1_ASM5191205v1_genomic.gbff.gz,downloaded
GCA_043161985.1,GCA_043161985.1_ASM4316198v1_genomic.gbff.gz,downloaded
GCA_043230705.1,GCA_043230705.1_ASM4323070v1_genomic.gbff.gz,downloaded
GCA_041956735.1,GCA_041956735.1_Aurpu1_protein.faa.gz,downloaded
GCA_040364705.1,GCA_040364705.1_JCM_22445_assembly_v001_genomic.gbff.gz,downloaded
GCA_037367325.1,GCA_037367325.1_ASM3736732v1_genomic.gbff.gz,downloaded
GCA_037042995.1,GCA_037042995.1_ASM3704299v1_genomic.gbff.gz,downloaded
GCA_036850625.1,GCA_036850625.1_ASM3685062v1_genomic.gbff.gz,downloaded
GCA_036418965.1,GCA_036418965.1_ASM3641896v1_protein.faa.gz,downloaded
GCA_031010245.1,GCA_031010245.1_EIMB_APul_16_1.0_genomic.gbff.gz,downloaded
GCA_937873235.1,GCA_937873235.1_SRR3017103_bin.1_CONCOCT_v1.1_MAG_genomic.gbff.gz,downloaded
GCA_024115135.1,GCA_024115135.1_ASM2411513v1_genomic.gbff.gz,downloaded
GCA_023079325.1,GCA_023079325.1_ASM2307932v1_genomic.gbff.gz,downloaded
GCA_023079225.1,GCA_023079225.1_ASM2307922v1_genomic.gbff.gz,downloaded
GCA_903819485.1,GCA_903819485.1_AWRI4231_protein.faa.gz,downloaded
GCA_903819495.1,GCA_903819495.1_AWRI4232_protein.faa.gz,downloaded
GCA_903819465.1,GCA_903819465.1_AWRI4230_protein.faa.gz,downloaded
GCA_903819455.1,GCA_903819455.1_AWRI4229_protein.faa.gz,downloaded
GCA_903819115.1,GCA_903819115.1_AWRI4621_protein.faa.gz,downloaded
GCA_018410155.1,GCA_018410155.1_ASM1841015v1_genomic.gbff.gz,downloaded
GCA_018410165.1,GCA_018410165.1_ASM1841016v1_genomic.gbff.gz,downloaded
GCA_018408835.1,GCA_018408835.1_ASM1840883v1_genomic.gbff.gz,downloaded
GCA_018408735.1,GCA_018408735.1_ASM1840873v1_genomic.gbff.gz,downloaded
GCA_018408725.1,GCA_018408725.1_ASM1840872v1_genomic.gbff.gz,downloaded
GCA_018408745.1,GCA_018408745.1_ASM1840874v1_genomic.gbff.gz,downloaded
GCA_018408595.1,GCA_018408595.1_ASM1840859v1_genomic.gbff.gz,downloaded
GCA_018408545.1,GCA_018408545.1_ASM1840854v1_genomic.gbff.gz,downloaded
GCA_018408515.1,GCA_018408515.1_ASM1840851v1_genomic.gbff.gz,downloaded
GCA_018408505.1,GCA_018408505.1_ASM1840850v1_genomic.gbff.gz,downloaded
GCA_018408415.1,GCA_018408415.1_ASM1840841v1_genomic.gbff.gz,downloaded
GCA_018408375.1,GCA_018408375.1_ASM1840837v1_genomic.gbff.gz,downloaded
GCA_017165705.1,GCA_017165705.1_ASM1716570v1_genomic.gbff.gz,downloaded
GCA_004918535.1,GCA_004918535.1_ASM491853v1_protein.faa.gz,downloaded
GCA_004917115.1,GCA_004917115.1_ASM491711v1_protein.faa.gz,downloaded
GCA_004918575.1,GCA_004918575.1_ASM491857v1_protein.faa.gz,downloaded
GCA_004918505.1,GCA_004918505.1_ASM491850v1_protein.faa.gz,downloaded
GCA_004918215.1,GCA_004918215.1_ASM491821v1_protein.faa.gz,downloaded
GCA_004917225.1,GCA_004917225.1_ASM491722v1_protein.faa.gz,downloaded
GCA_004918275.1,GCA_004918275.1_ASM491827v1_protein.faa.gz,downloaded
GCA_004918245.1,GCA_004918245.1_ASM491824v1_protein.faa.gz,downloaded
GCA_004918195.1,GCA_004918195.1_ASM491819v1_protein.faa.gz,downloaded
GCA_004918165.1,GCA_004918165.1_ASM491816v1_protein.faa.gz,downloaded
GCA_004918145.1,GCA_004918145.1_ASM491814v1_protein.faa.gz,downloaded
GCA_004918105.1,GCA_004918105.1_ASM491810v1_protein.faa.gz,downloaded
GCA_004918115.1,GCA_004918115.1_ASM491811v1_protein.faa.gz,downloaded
GCA_004917795.1,GCA_004917795.1_ASM491779v1_protein.faa.gz,downloaded
GCA_004917825.1,GCA_004917825.1_ASM491782v1_protein.faa.gz,downloaded
GCA_004917815.1,GCA_004917815.1_ASM491781v1_protein.faa.gz,downloaded
GCA_004917685.1,GCA_004917685.1_ASM491768v1_protein.faa.gz,downloaded
GCA_004917745.1,GCA_004917745.1_ASM491774v1_protein.faa.gz,downloaded
GCA_004917705.1,GCA_004917705.1_ASM491770v1_protein.faa.gz,downloaded
GCA_004917155.1,GCA_004917155.1_ASM491715v1_protein.faa.gz,downloaded
GCA_004917755.1,GCA_004917755.1_ASM491775v1_protein.faa.gz,downloaded
GCA_004917725.1,GCA_004917725.1_ASM491772v1_protein.faa.gz,downloaded
GCA_004917595.1,GCA_004917595.1_ASM491759v1_protein.faa.gz,downloaded
GCA_004917605.1,GCA_004917605.1_ASM491760v1_protein.faa.gz,downloaded
GCA_004917665.1,GCA_004917665.1_ASM491766v1_protein.faa.gz,downloaded
GCA_004917145.1,GCA_004917145.1_ASM491714v1_protein.faa.gz,downloaded
GCA_004917625.1,GCA_004917625.1_ASM491762v1_protein.faa.gz,downloaded
GCA_004917505.1,GCA_004917505.1_ASM491750v1_protein.faa.gz,downloaded
GCA_004917615.1,GCA_004917615.1_ASM491761v1_protein.faa.gz,downloaded
GCA_004917525.1,GCA_004917525.1_ASM491752v1_protein.faa.gz,downloaded
GCA_004917415.1,GCA_004917415.1_ASM491741v1_protein.faa.gz,downloaded
GCA_004917555.1,GCA_004917555.1_ASM491755v1_protein.faa.gz,downloaded
GCA_004917485.1,GCA_004917485.1_ASM491748v1_protein.faa.gz,downloaded
GCA_004917495.1,GCA_004917495.1_ASM491749v1_protein.faa.gz,downloaded
GCA_004917105.1,GCA_004917105.1_ASM491710v1_protein.faa.gz,downloaded
GCA_004917435.1,GCA_004917435.1_ASM491743v1_protein.faa.gz,downloaded
GCA_004917445.1,GCA_004917445.1_ASM491744v1_protein.faa.gz,downloaded
GCA_004917425.1,GCA_004917425.1_ASM491742v1_protein.faa.gz,downloaded
GCA_004917385.1,GCA_004917385.1_ASM491738v1_protein.faa.gz,downloaded
GCA_004917375.1,GCA_004917375.1_ASM491737v1_protein.faa.gz,downloaded
GCA_004917355.1,GCA_004917355.1_ASM491735v1_protein.faa.gz,downloaded
GCA_004917335.1,GCA_004917335.1_ASM491733v1_protein.faa.gz,downloaded
GCA_004917305.1,GCA_004917305.1_ASM491730v1_protein.faa.gz,downloaded
GCA_004917135.1,GCA_004917135.1_ASM491713v1_protein.faa.gz,downloaded
GCA_004917275.1,GCA_004917275.1_ASM491727v1_protein.faa.gz,downloaded
GCA_004917255.1,GCA_004917255.1_ASM491725v1_protein.faa.gz,downloaded
GCA_004917205.1,GCA_004917205.1_ASM491720v1_protein.faa.gz,downloaded
GCA_004917185.1,GCA_004917185.1_ASM491718v1_protein.faa.gz,downloaded
GCA_004917165.1,GCA_004917165.1_ASM491716v1_protein.faa.gz,downloaded
GCA_003574545.1,GCA_003574545.1_ASM357454v1_genomic.gbff.gz,downloaded
GCA_003336255.1,GCA_003336255.1_ASM333625v1_genomic.gbff.gz,downloaded
GCA_001678115.1,GCA_001678115.1_ASM167811v1_protein.faa.gz,downloaded
GCA_000294735.1,GCA_000294735.1_ASM29473v1_genomic.gbff.gz,downloaded
GCF_000721785.1,GCA_000721785.1_Aureobasidium_pullulans_var._pullulans_EXF-150_assembly_version_1.0_protein.faa.gz,downloaded
